{"cameraMode":{"drawMode":0,"name":"Shaded","section":"Shading Mode"},"sceneLighting":true,"audioPlay":false,"sceneViewState":{"showFog":true,"showMaterialUpdate":true,"showSkybox":true,"showFlares":true,"showImageEffects":true,"showParticleSystems":true},"in2DMode":false,"pivot":{"x":4.494160175323486,"y":-0.2452497035264969,"z":-4.103403091430664},"rotation":{"x":-0.039696626365184787,"y":-0.4231966733932495,"z":0.0185026116669178,"w":-0.9050096273422241},"size":6.588888168334961,"orthographic":false}