{"cameraMode":{"drawMode":0,"name":"Shaded","section":"Shading Mode"},"sceneLighting":true,"audioPlay":false,"sceneViewState":{"showFog":true,"showMaterialUpdate":true,"showSkybox":true,"showFlares":true,"showImageEffects":true,"showParticleSystems":true},"in2DMode":false,"pivot":{"x":-9.43193531036377,"y":-1.3721206188201905,"z":-4.4490156173706059},"rotation":{"x":-0.07387454062700272,"y":0.6225635409355164,"z":-0.059201326221227649,"w":-0.7768412232398987},"size":12.162813186645508,"orthographic":false}