{"cameraMode":{"drawMode":0,"name":"Shaded","section":"Shading Mode"},"sceneLighting":true,"audioPlay":false,"sceneViewState":{"showFog":true,"showMaterialUpdate":true,"showSkybox":true,"showFlares":true,"showImageEffects":true,"showParticleSystems":true},"in2DMode":false,"pivot":{"x":0.5789861679077148,"y":0.559141993522644,"z":-6.535307884216309},"rotation":{"x":-0.18045826256275178,"y":-0.37775281071662905,"z":0.0753181055188179,"w":-0.905042827129364},"size":8.942784309387207,"orthographic":false}