{"cameraMode":{"drawMode":0,"name":"Shaded","section":"Shading Mode"},"sceneLighting":true,"audioPlay":false,"sceneViewState":{"showFog":true,"showMaterialUpdate":true,"showSkybox":true,"showFlares":true,"showImageEffects":true,"showParticleSystems":true},"in2DMode":false,"pivot":{"x":0.5789861679077148,"y":0.559141993522644,"z":-6.535307884216309},"rotation":{"x":-0.10990424454212189,"y":0.6191396117210388,"z":-0.08807694166898728,"w":-0.772568941116333},"size":1.4880825281143189,"orthographic":false}