{"cameraMode":{"drawMode":0,"name":"Shaded","section":"Shading Mode"},"sceneLighting":true,"audioPlay":false,"sceneViewState":{"showFog":true,"showMaterialUpdate":true,"showSkybox":true,"showFlares":true,"showImageEffects":true,"showParticleSystems":true},"in2DMode":false,"pivot":{"x":1.8821855783462525,"y":-0.048499058932065967,"z":-5.781711101531982},"rotation":{"x":-0.18382784724235536,"y":-0.6003220677375794,"z":0.1442032754421234,"w":-0.7649168968200684},"size":3.2957441806793215,"orthographic":false}