{"cameraMode":{"drawMode":0,"name":"Shaded","section":"Shading Mode"},"sceneLighting":true,"audioPlay":false,"sceneViewState":{"showFog":true,"showMaterialUpdate":true,"showSkybox":true,"showFlares":true,"showImageEffects":true,"showParticleSystems":true},"in2DMode":false,"pivot":{"x":0.694998562335968,"y":3.0598220825195314,"z":-8.744564056396485},"rotation":{"x":-0.18382784724235536,"y":-0.6003220677375794,"z":0.1442032754421234,"w":-0.7649168968200684},"size":22.0,"orthographic":false}