{"cameraMode":{"drawMode":0,"name":"Shaded","section":"Shading Mode"},"sceneLighting":true,"audioPlay":false,"sceneViewState":{"showFog":true,"showMaterialUpdate":true,"showSkybox":true,"showFlares":true,"showImageEffects":true,"showParticleSystems":true},"in2DMode":false,"pivot":{"x":0.4540873169898987,"y":-0.6631667613983154,"z":-4.527309417724609},"rotation":{"x":-0.35791704058647158,"y":0.03556066378951073,"z":-0.013642553240060807,"w":-0.9329902529716492},"size":5.629465579986572,"orthographic":false}